{
  "epoch": 5,
  "val_ece": 0.3723561219156841,
  "saved_at": "2026-03-19T19:01:11.768101+00:00",
  "scalars": {
    "support_request": 3.4280098592150923,
    "feature_request": 3.131687166429636,
    "bug_report": 3.374634900923497,
    "complaint": 3.390079877975602,
    "praise": 3.4489362701734505,
    "competitor_mention": 3.227843478487664,
    "alternative_seeking": 3.373029757497938,
    "price_sensitivity": 3.336423501045601,
    "integration_request": 3.492962982278487,
    "churn_risk": 3.444779315986924,
    "security_concern": 3.3452012585565276,
    "legal_risk": 3.4562595066575557,
    "reputation_risk": 3.1882791263813663,
    "expansion_opportunity": 3.3872235089587366,
    "upsell_opportunity": 3.407300999586075,
    "partnership_opportunity": 3.2922270926638966,
    "unclear": 3.3048562544638598,
    "not_actionable": 3.498110387115205
  }
}