{
  "epoch": 1,
  "val_ece": 0.40791976283723885,
  "saved_at": "2026-03-19T05:56:14.643621+00:00",
  "scalars": {
    "support_request": 2.065755800620954,
    "feature_request": 1.927004111456066,
    "bug_report": 2.0333247218143407,
    "complaint": 2.0406059258808202,
    "praise": 2.071936974611128,
    "competitor_mention": 1.9606838956716606,
    "alternative_seeking": 2.0299953082094673,
    "price_sensitivity": 2.024072798560415,
    "integration_request": 2.1003374950535245,
    "churn_risk": 2.0689168024944213,
    "security_concern": 2.021184082645429,
    "legal_risk": 2.080812390171795,
    "reputation_risk": 1.9465785932367656,
    "expansion_opportunity": 2.0416446162484876,
    "upsell_opportunity": 2.051147511264616,
    "partnership_opportunity": 1.9900883057658023,
    "unclear": 2.079074387322526,
    "not_actionable": 2.0804044568769817
  }
}